{
    "model": "mobilenet_v2",
    "freeze_backbone": false,
    "best_val_accuracy": 0.7939972714870396,
    "final_train_accuracy": 0.904062820075111,
    "final_val_accuracy": 0.7885402455661664,
    "final_train_loss": 0.34771259185518166,
    "final_val_loss": 1.078622948911961,
    "parameters": 2230277,
    "trainable_parameters": 2230277,
    "epochs": 15,
    "batch_size": 16,
    "learning_rate": 0.0001,
    "class_weights": [
        0.4057617783546448,
        1.9794594049453735,
        0.7331331372261047,
        3.794818639755249,
        2.4827117919921875
    ]
}